No,Kode,Nama Perusahaan
1,AALI,Astra Agro Lestari Tbk.
2,ADES,Akasha Wira International Tbk.
3,AGAR,Asia Sejahtera Mina Tbk.
4,AISA,FKS Food Sejahtera Tbk.
5,ALTO,Tri Banyan Tirta Tbk.
6,AMMS,Agung Menjangan Mas Tbk.
7,AMRT,Sumber Alfaria Trijaya Tbk.
8,ANDI,Andira Agro Tbk.
9,ANJT,Austindo Nusantara Jaya Tbk.
10,ASHA,Cilacap Samudera Fishing Indus
11,AYAM,Janu Putra Sejahtera Tbk.
12,BEEF,Estika Tata Tiara Tbk.
13,BEER,Jobubu Jarum Minahasa Tbk.
14,BISI,BISI International Tbk.
15,BOBA,Formosa Ingredient Factory Tbk
16,BTEK,Bumi Teknokultura Unggul Tbk
17,BUAH,Segar Kumala Indonesia Tbk.
18,BUDI,Budi Starch & Sweetener Tbk.
19,BWPT,Eagle High Plantations Tbk.
20,CAMP,Campina Ice Cream Industry Tbk
21,CBUT,Citra Borneo Utama Tbk.
22,CEKA,Wilmar Cahaya Indonesia Tbk.
23,CLEO,Sariguna Primatirta Tbk.
24,CMRY,Cisarua Mountain Dairy Tbk.
25,COCO,Wahana Interfood Nusantara Tbk
26,CPIN,Charoen Pokphand Indonesia Tbk
27,CPRO,Central Proteina Prima Tbk.
28,CRAB,Toba Surimi Industries Tbk.
29,CSRA,Cisadane Sawit Raya Tbk.
30,DAYA,Duta Intidaya Tbk.
31,DEWI,Dewi Shri Farmindo Tbk.
32,DLTA,Delta Djakarta Tbk.
33,DMND,Diamond Food Indonesia Tbk.
34,DPUM,Dua Putra Utama Makmur Tbk.
35,DSFI,Dharma Samudera Fishing Indust
36,DSNG,Dharma Satya Nusantara Tbk.
37,ENZO,Morenzo Abadi Perkasa Tbk.
38,EPMT,Enseval Putera Megatrading Tbk
39,EURO,Estee Gold Feet Tbk.
40,FAPA,FAP Agri Tbk.
41,FISH,FKS Multi Agro Tbk.
42,FLMC,Falmaco Nonwoven Industri Tbk.
43,FOOD,Sentra Food Indonesia Tbk.
44,GGRM,Gudang Garam Tbk.
45,GOLL,Golden Plantation Tbk.
46,GOOD,Garudafood Putra Putri Jaya Tb
47,GRPM,Graha Prima Mentari Tbk.
48,GULA,Aman Agrindo Tbk.
49,GUNA,Gunanusa Eramandiri Tbk.
50,GZCO,Gozco Plantations Tbk.
51,HERO,DFI Retail Nusantara Tbk.
52,HMSP,H.M. Sampoerna Tbk.
53,HOKI,Buyung Poetra Sembada Tbk.
54,IBOS,Indo Boga Sukses Tbk.
55,ICBP,Indofood CBP Sukses Makmur Tbk
56,IKAN,Era Mandiri Cemerlang Tbk.
57,INDF,Indofood Sukses Makmur Tbk.
58,IPPE,Indo Pureco Pratama Tbk.
59,ISEA,Indo American Seafoods Tbk.
60,ITIC,Indonesian Tobacco Tbk.
61,JARR,Jhonlin Agro Raya Tbk.
62,JAWA,Jaya Agra Wattie Tbk.
63,JELI,Niramas Utama Tbk.
64,JPFA,Japfa Comfeed Indonesia Tbk.
65,KEJU,Mulia Boga Raya Tbk.
66,KINO,Kino Indonesia Tbk.
67,KMDS,Kurniamitra Duta Sentosa Tbk.
68,LAPD,Leyand International Tbk.
69,LSIP,PP London Sumatra Indonesia Tb
70,MAGP,Multi Agro Gemilang Plantation
71,MAIN,Malindo Feedmill Tbk.
72,MAXI,Maxindo Karya Anugerah Tbk.
73,MBTO,Martina Berto Tbk.
74,MGRO,Mahkota Group Tbk.
75,MIDI,Midi Utama Indonesia Tbk.
76,MKTR,Menthobi Karyatama Raya Tbk.
77,MLBI,Multi Bintang Indonesia Tbk.
78,MLPL,Multipolar Tbk.
79,MPPA,Matahari Putra Prima Tbk.
80,MRAT,Mustika Ratu Tbk.
81,MSJA,Multi Spunindo Jaya Tbk.
82,MYOR,Mayora Indah Tbk.
83,NANO,Nanotech Indonesia Global Tbk.
84,NASI,Wahana Inti Makmur Tbk.
85,NAYZ,Hassana Boga Sejahtera Tbk.
86,NEST,Esta Indonesia Tbk.
87,NSSS,Nusantara Sawit Sejahtera Tbk.
88,OILS,Indo Oil Perkasa Tbk.
89,PCAR,Prima Cakrawala Abadi Tbk.
90,PGUN,Pradiksi Gunatama Tbk.
91,PMMP,Panca Mitra Multiperdana Tbk.
92,PNGO,AEP Pinago Plantations Tbk.
93,PSDN,Prasidha Aneka Niaga Tbk
94,PSGO,Palma Serasih Tbk.
95,PTPS,Pulau Subur Tbk.
96,RANC,Supra Boga Lestari Tbk.
97,ROTI,Nippon Indosari Corpindo Tbk.
98,SDPC,Millennium Pharmacon Internati
99,SGRO,Prime Agri Resources Tbk.
100,SIMP,Salim Ivomas Pratama Tbk.
101,SIPD,Sreeya Sewu Indonesia Tbk.
102,SKBM,Sekar Bumi Tbk.
103,SKLT,Sekar Laut Tbk.
104,SMAR,Sinar Mas Agro Resources and T
105,SOUL,Mitra Tirta Buwana Tbk.
106,SSMS,Sawit Sumbermas Sarana Tbk.
107,STAA,Sumber Tani Agung Resources Tb
108,STRK,Lovina Beach Brewery Tbk.
109,STTP,Siantar Top Tbk.
110,TAPG,Triputra Agro Persada Tbk.
111,TAYS,Jaya Swarasa Agung Tbk.
112,TBLA,Tunas Baru Lampung Tbk.
113,TCID,Mandom Indonesia Tbk.
114,TGKA,Tigaraksa Satria Tbk.
115,TGUK,Platinum Wahab Nusantara Tbk.
116,TLDN,Teladan Prima Agro Tbk.
117,TRGU,Cerestar Indonesia Tbk.
118,UCID,Uni-Charm Indonesia Tbk.
119,UDNG,Agro Bahari Nusantara Tbk.
120,ULTJ,Ultrajaya Milk Industry & Trad
121,UNSP,Bakrie Sumatera Plantations Tb
122,UNVR,Unilever Indonesia Tbk.
123,VICI,Victoria Care Indonesia Tbk.
124,WAPO,Wahana Pronatural Tbk.
125,WICO,Wicaksana Overseas Internation
126,WIIM,Wismilak Inti Makmur Tbk.
127,WINE,Hatten Bali Tbk.
128,WMPP,Widodo Makmur Perkasa Tbk.
129,WMUU,Widodo Makmur Unggas Tbk.
